Company,Job Title,Location,Language
Entreprise,Profession,Localité,Langue
M&H Atlon Services SA,Informaticien/ne (Développement d'applications) CFC,Bevaix (NE),Fr
N/A,N/A,N/A,N/A
NETmanage SA,Informaticien/ne (Développement d'applications) CFC,Bevaix (NE),Fr
N/A,N/A,N/A,N/A
Ceramaret SA,Informaticien/ne (Développement d'applications) CFC,Bôle (NE),Fr
N/A,N/A,N/A,N/A
Cicorel S.A.,Informaticien/ne (Développement d'applications) CFC,Boudry (NE),Fr
N/A,N/A,N/A,N/A
Ecomedis Solutions S.à.r.l.,Informaticien/ne (Développement d'applications) CFC,Cernier (NE),Fr
N/A,N/A,N/A,N/A
Dress your body AG,Informaticien/ne (Développement d'applications) CFC,Cormondrèche (NE),Fr
N/A,N/A,N/A,N/A
Let's Go Fitness Cortaillod Sàrl,Informaticien/ne (Développement d'applications) CFC,Cortaillod (NE),Fr
N/A,N/A,N/A,N/A
Fondation ADMed,Informaticien/ne (Développement d'applications) CFC,Fontaines NE (NE),Fr
N/A,N/A,N/A,N/A
Felco SA,Informaticien/ne (Développement d'applications) CFC,Les Geneveys-sur-Coffrane (NE),Fr
N/A,N/A,N/A,N/A
IT-Burri,Informaticien/ne (Développement d'applications) CFC,Les Hauts-Geneveys (NE),Fr
N/A,N/A,N/A,N/A
STEG Electronics AG,Informaticien/ne (Développement d'applications) CFC,Marin-Epagnier (NE),Fr
N/A,N/A,N/A,N/A
Baxalta Manufacturing Sàrl,Informaticien/ne (Développement d'applications) CFC,Neuchâtel (NE),Fr
N/A,N/A,N/A,N/A
Bluestar Solutions Sàrl,Informaticien/ne (Développement d'applications) CFC,Neuchâtel (NE),Fr
N/A,N/A,N/A,N/A
CFI Centre de formation informatique SA,Informaticien/ne (Développement d'applications) CFC,Neuchâtel (NE),Fr
N/A,N/A,N/A,N/A
Connectivity SA,Informaticien/ne (Développement d'applications) CFC,Neuchâtel (NE),Fr
N/A,N/A,N/A,N/A
Etat de Neuchâtel,Informaticien/ne (Développement d'applications) CFC,Neuchâtel (NE),Fr
N/A,N/A,N/A,N/A
Evolution Notebook Sàrl,Informaticien/ne (Développement d'applications) CFC,Neuchâtel (NE),Fr
N/A,N/A,N/A,N/A
Haute Ecole Arc,Informaticien/ne (Développement d'applications) CFC,Neuchâtel (NE),Fr
N/A,N/A,N/A,N/A
Newis SA,Informaticien/ne (Développement d'applications) CFC,Neuchâtel (NE),Fr
N/A,N/A,N/A,N/A
OFS Office fédéral de la statistique,Informaticien/ne (Développement d'applications) CFC,Neuchâtel (NE),Fr
N/A,N/A,N/A,N/A
